first_name,last_name,npi,street,street_2,city,state,zip
Ruthe,Laverne,44843147983186317848,569 glenda islands,suite 163,willport,nj,23453
Marshall,Cole,18233577393219566041,59944 adaline harbor,apt. 862,keelingstad,al,94189-5965
Lawson,Lilliana,78792788275411915642,36175 amina mount,apt. 256,north daija,de,30997-4476
Martine,Kiana,23583155472740817761,188 walsh flat,apt. 891,yasmeenstad,nv,83568
Leatha,Freida,"",43796 gutmann plains,suite 341,vonmouth,fl,10500
Justyn,Abbie,78362387662864903554
Granville,Benton,17871640342222098849,95496 dare rue,suite 203,octaviastad,il,45294-0751
Brenda,Lenna,88137148807320232511,361 justyn meadow,suite 635,steuberhaven,la,71148-1931
Juliana,Benedict,"",798 katarina street,apt. 817,north florida,ri,10547-0556
Marjory,Ulices,13251241236387155567,5356 hane mountains,suite 254,elmiraborough,ny,80179-1235
Celia,Joany,53517451823105334497
Kathryn,Shany,18615056044429228990,817 hammes harbor,apt. 701,dickinsonview,ca,97730